Dia;Taxa_Compra_Manhã;Taxa_Venda_Manhã;PU_Compra_Manhã;PU_Venda_Manhã;PU_Base_Manhã
04/01/2016;7,42%;7,50%;697.94;687.99;687.56
05/01/2016;7,40%;7,48%;700.87;690.88;690.46
06/01/2016;7,34%;7,42%;708.9;698.79;698.36
07/01/2016;7,31%;7,39%;713.16;702.99;702.56
08/01/2016;7,41%;7,49%;701;691.01;690.18
11/01/2016;7,47%;7,55%;693.91;684.03;683.62
12/01/2016;7,44%;7,52%;698.06;688.13;687.72
13/01/2016;7,42%;7,50%;700.98;691.01;690.6
14/01/2016;7,47%;7,55%;695.14;685.25;684.85
15/01/2016;7,47%;7,55%;695.98;686.08;685.25
18/01/2016;7,50%;7,58%;692.66;682.81;682.41
19/01/2016;7,49%;7,57%;694.31;684.44;684.04
20/01/2016;7,63%;7,71%;677.54;667.93;667.53
21/01/2016;7,74%;7,82%;664.76;655.33;654.94
22/01/2016;7,80%;7,88%;658.87;649.54;648.36
25/01/2016;7,78%;7,86%;661.53;652.16;651.74
26/01/2016;7,78%;7,86%;661.95;652.58;652.16
27/01/2016;7,71%;7,79%;670.7;661.2;660.78
28/01/2016;7,72%;7,80%;669.94;660.45;660.02
29/01/2016;7,62%;7,70%;682.91;673.23;672.33
01/02/2016;7,60%;7,68%;685.79;676.07;675.63
02/02/2016;7,49%;7,57%;699.84;689.91;689.47
03/02/2016;7,62%;7,70%;684.22;674.52;674.09
04/02/2016;7,61%;7,69%;685.88;676.16;675.73
05/02/2016;7,61%;7,69%;688.35;678.6;677.02
10/02/2016;7,57%;7,65%;693.76;683.93;683.46
11/02/2016;7,56%;7,64%;695.48;685.63;685.16
12/02/2016;7,57%;7,65%;695.29;685.45;684.41
15/02/2016;7,48%;7,56%;706.97;696.96;696.53
16/02/2016;7,40%;7,48%;717.57;707.4;706.97
17/02/2016;7,47%;7,55%;709.09;699.05;698.62
18/02/2016;7,44%;7,52%;713.33;703.22;702.8
19/02/2016;7,56%;7,64%;699.1;689.21;688.35
22/02/2016;7,51%;7,59%;705.78;695.8;695.38
23/02/2016;7,44%;7,52%;715.08;704.96;704.53
24/02/2016;7,45%;7,53%;714.36;704.25;703.81
25/02/2016;7,41%;7,49%;719.92;709.73;709.28
26/02/2016;7,43%;7,51%;718.28;708.12;707.2
29/02/2016;7,46%;7,54%;714.9;704.79;704.35
01/03/2016;7,45%;7,53%;716.62;706.49;706.05
02/03/2016;7,49%;7,57%;711.98;701.92;701.48
03/03/2016;7,44%;7,52%;718.79;708.63;708.19
04/03/2016;6,69%;6,77%;822.86;811.16;810.13
07/03/2016;6,88%;6,96%;795.82;784.52;784.04
08/03/2016;6,98%;7,06%;782.19;771.1;770.63
09/03/2016;6,73%;6,81%;817.91;806.28;805.83
10/03/2016;6,61%;6,69%;836.15;824.26;823.79
11/03/2016;6,66%;6,74%;829.68;817.88;816.91
14/03/2016;6,57%;6,65%;843.63;831.63;831.16
15/03/2016;6,81%;6,89%;808.51;797.03;796.69
16/03/2016;7,02%;7,10%;779.09;768.06;767.72
17/03/2016;6,72%;6,80%;822.33;810.65;810.3
18/03/2016;6,57%;6,65%;845.34;833.32;832.69
21/03/2016;6,49%;6,57%;857.89;845.69;845.34
22/03/2016;6,44%;6,52%;865.97;853.65;853.29
23/03/2016;6,29%;6,37%;889.94;877.27;876.9
24/03/2016;6,48%;6,56%;860.76;848.52;847.79
28/03/2016;6,44%;6,52%;867.29;854.96;854.62
29/03/2016;6,41%;6,49%;872.31;859.91;859.56
30/03/2016;6,35%;6,43%;882.08;869.54;869.19
31/03/2016;6,39%;6,47%;876.14;863.68;863.33
01/04/2016;6,43%;6,51%;870.49;858.13;857.52
04/04/2016;6,39%;6,47%;877.1;864.63;864.29
05/04/2016;6,48%;6,56%;863.43;851.18;850.83
06/04/2016;6,49%;6,57%;862.24;850;849.66
07/04/2016;6,52%;6,60%;857.97;845.8;845.46
08/04/2016;6,47%;6,55%;865.98;853.69;853.12
11/04/2016;6,39%;6,47%;878.79;866.32;865.98
12/04/2016;6,37%;6,45%;882.27;869.75;869.42
13/04/2016;6,35%;6,43%;885.77;873.2;872.86
14/04/2016;6,21%;6,29%;908.58;895.67;895.33
15/04/2016;6,22%;6,30%;907.7;894.8;894.07
18/04/2016;6,09%;6,17%;929.47;916.25;915.86
19/04/2016;6,14%;6,22%;921.58;908.48;908.09
20/04/2016;6,27%;6,35%;900.96;888.18;887.62
22/04/2016;6,28%;6,36%;899.97;887.21;886.51
25/04/2016;6,33%;6,41%;892.35;879.7;879.32
26/04/2016;6,29%;6,37%;899.12;886.38;886
27/04/2016;6,28%;6,36%;901.11;888.34;887.96
28/04/2016;6,18%;6,26%;917.73;904.71;904.33
29/04/2016;6,18%;6,26%;918.45;905.42;904.71
02/05/2016;6,08%;6,16%;935.4;922.12;921.73
03/05/2016;6,13%;6,21%;927.46;914.31;913.92
04/05/2016;6,09%;6,17%;934.5;921.24;920.86
05/05/2016;6,08%;6,16%;936.56;923.27;922.89
06/05/2016;5,97%;6,05%;956.42;942.84;942.05
09/05/2016;6,02%;6,10%;948.33;934.87;934.46
10/05/2016;6,06%;6,14%;941.98;928.63;928.22
11/05/2016;5,90%;5,98%;969.73;955.96;955.54
12/05/2016;5,97%;6,05%;958.08;944.49;944.08
13/05/2016;5,88%;5,96%;974.45;960.61;959.8
16/05/2016;5,88%;5,96%;974.88;961.04;960.61
17/05/2016;5,87%;5,95%;977.05;963.19;962.76
18/05/2016;5,91%;5,99%;970.52;956.76;956.33
19/05/2016;6,08%;6,16%;941.94;928.61;928.19
20/05/2016;6,00%;6,08%;956.32;942.77;941.94
23/05/2016;6,06%;6,14%;946.78;933.38;932.94
24/05/2016;6,15%;6,23%;932.17;918.99;918.55
25/05/2016;6,13%;6,21%;936.17;922.93;922.26
27/05/2016;6,15%;6,23%;933.73;920.54;919.65
30/05/2016;6,24%;6,32%;919.35;906.37;905.93
31/05/2016;6,19%;6,27%;928;914.9;914.45
01/06/2016;6,25%;6,33%;918.6;905.63;905.19
02/06/2016;6,22%;6,30%;923.95;910.91;910.47
03/06/2016;6,20%;6,28%;928.13;915.03;914.15
06/06/2016;6,15%;6,23%;936.87;923.64;923.2
07/06/2016;6,14%;6,22%;938.98;925.73;925.28
08/06/2016;6,16%;6,24%;936.32;923.11;922.66
09/06/2016;6,12%;6,20%;943.46;930.15;929.69
10/06/2016;6,13%;6,21%;942.72;929.42;928.5
13/06/2016;6,19%;6,27%;933.18;920.03;919.58
14/06/2016;6,18%;6,26%;935.3;922.11;921.66
15/06/2016;6,15%;6,23%;940.62;927.36;927.03
16/06/2016;6,16%;6,24%;939.28;926.05;925.72
17/06/2016;6,15%;6,23%;941.49;928.23;927.69
20/06/2016;6,13%;6,21%;945.17;931.85;931.52
21/06/2016;6,12%;6,20%;947.18;933.83;933.51
22/06/2016;6,09%;6,17%;952.61;939.19;938.86
23/06/2016;6,11%;6,19%;949.57;936.2;935.87
24/06/2016;6,07%;6,15%;956.9;943.43;942.86
27/06/2016;6,05%;6,13%;960.64;947.12;946.78
28/06/2016;5,97%;6,05%;974.72;960.98;960.64
29/06/2016;5,95%;6,03%;978.53;964.74;964.4
30/06/2016;5,99%;6,07%;971.95;958.26;957.92
01/07/2016;6,00%;6,08%;970.8;957.13;956.56
04/07/2016;6,02%;6,10%;967.7;954.08;953.75
05/07/2016;6,06%;6,14%;961.21;947.69;947.35
06/07/2016;6,13%;6,21%;949.7;936.36;936.02
07/07/2016;6,16%;6,24%;945.01;931.74;931.41
08/07/2016;6,17%;6,25%;943.82;930.57;930.02
11/07/2016;6,09%;6,17%;957.61;944.16;943.82
12/07/2016;6,05%;6,13%;964.75;951.2;950.86
13/07/2016;6,03%;6,11%;968.51;954.9;954.57
14/07/2016;5,98%;6,06%;977.46;963.72;963.39
15/07/2016;5,92%;6,00%;988.55;974.65;974
18/07/2016;5,88%;5,96%;995.95;981.94;981.58
19/07/2016;5,84%;5,92%;1003.4;989.29;988.92
20/07/2016;5,90%;5,98%;993.17;979.21;978.84
21/07/2016;5,88%;5,96%;997.06;983.05;982.68
22/07/2016;5,90%;5,98%;994.13;980.17;979.53
25/07/2016;5,94%;6,02%;987.49;973.62;973.26
26/07/2016;5,95%;6,03%;986.1;972.26;971.91
27/07/2016;5,89%;5,97%;996.98;982.99;982.63
28/07/2016;5,87%;5,95%;1000.88;986.83;986.47
29/07/2016;5,84%;5,92%;1006.85;992.71;992.07
01/08/2016;5,85%;5,93%;1005.44;991.32;990.96
02/08/2016;5,83%;5,91%;1009.36;995.2;994.83
03/08/2016;5,84%;5,92%;1007.95;993.81;993.44
04/08/2016;5,79%;5,87%;1017.26;1002.99;1002.62
05/08/2016;5,77%;5,85%;1021.52;1007.18;1006.54
08/08/2016;5,77%;5,85%;1021.89;1007.55;1007.18
09/08/2016;5,80%;5,88%;1016.85;1002.59;1002.23
10/08/2016;5,74%;5,82%;1028.06;1013.64;1013.27
11/08/2016;5,74%;5,82%;1029.26;1014.82;1014.43
12/08/2016;5,66%;5,74%;1044.67;1030.01;1034.62
15/08/2016;5,66%;5,74%;1045.03;1030.37;1030.01
16/08/2016;5,64%;5,72%;1049.09;1034.37;1034.01
17/08/2016;5,64%;5,72%;1049.45;1034.73;1034.37
18/08/2016;5,62%;5,70%;1053.52;1038.75;1038.39
19/08/2016;5,64%;5,72%;1050.43;1035.71;1035.08
22/08/2016;5,64%;5,72%;1050.79;1036.06;1035.71
23/08/2016;5,71%;5,79%;1038.25;1023.71;1023.35
24/08/2016;5,71%;5,79%;1038.61;1024.06;1023.71
25/08/2016;5,78%;5,86%;1026.37;1012.01;1011.65
26/08/2016;5,80%;5,88%;1023.42;1009.1;1008.46
29/08/2016;5,87%;5,95%;1011.25;997.12;996.75
30/08/2016;5,82%;5,90%;1020.56;1006.29;1005.93
31/08/2016;5,85%;5,93%;1015.55;1001.37;1.001,00
01/09/2016;5,85%;5,93%;1015.93;1001.73;1001.37
02/09/2016;5,87%;5,95%;1012.26;998.12;997.58
05/09/2016;5,83%;5,91%;1019.73;1005.5;1005.16
06/09/2016;5,84%;5,92%;1019.25;1005.02;1004.51
08/09/2016;5,83%;5,91%;1021.41;1007.15;1006.79
09/09/2016;5,86%;5,94%;1016.78;1002.6;1001.94
12/09/2016;5,92%;6,00%;1006.5;992.46;992.09
13/09/2016;5,89%;5,97%;1012.19;998.07;997.7
14/09/2016;5,98%;6,06%;996.69;982.81;982.44
15/09/2016;5,97%;6,05%;998.78;984.87;984.54
16/09/2016;6,00%;6,08%;994.07;980.24;979.71
19/09/2016;6,00%;6,08%;994.41;980.57;980.24
20/09/2016;6,01%;6,09%;993;979.18;978.85
21/09/2016;6,03%;6,11%;989.86;976.09;975.76
22/09/2016;5,96%;6,04%;1002.4;988.46;988.12
23/09/2016;5,87%;5,95%;1018.48;1004.3;1003.87
26/09/2016;5,84%;5,92%;1024.15;1009.89;1009.59
27/09/2016;5,84%;5,92%;1024.45;1010.18;1009.89
28/09/2016;5,82%;5,90%;1028.34;1014.03;1013.73
29/09/2016;5,78%;5,86%;1035.88;1021.46;1021.16
30/09/2016;5,79%;5,87%;1034.5;1020.11;1019.67
03/10/2016;5,75%;5,83%;1042.08;1027.58;1027.28
04/10/2016;5,65%;5,73%;1060.82;1046.04;1045.74
05/10/2016;5,70%;5,78%;1051.86;1037.22;1036.92
06/10/2016;5,64%;5,72%;1063.29;1048.48;1048.18
07/10/2016;5,67%;5,75%;1057.09;1042.38;1042.07
10/10/2016;5,65%;5,73%;1061.07;1046.3;1046.04
11/10/2016;5,66%;5,74%;1059.5;1044.76;1044.47
13/10/2016;5,66%;5,74%;1059.76;1045.02;1044.76
14/10/2016;5,64%;5,72%;1063.97;1049.17;1048.68
17/10/2016;5,64%;5,72%;1064.32;1049.52;1049.17
18/10/2016;5,61%;5,69%;1070.27;1055.39;1055.04
19/10/2016;5,61%;5,69%;1070.62;1055.74;1055.39
20/10/2016;5,58%;5,66%;1076.61;1061.64;1061.29
21/10/2016;5,55%;5,63%;1082.87;1067.81;1067.23
24/10/2016;5,58%;5,66%;1077.38;1062.4;1062.07
25/10/2016;5,55%;5,63%;1083.38;1068.32;1067.99
26/10/2016;5,61%;5,69%;1072.4;1057.5;1057.17
27/10/2016;5,70%;5,78%;1055.99;1041.34;1041.01
28/10/2016;5,76%;5,84%;1045.5;1031.01;1030.49
31/10/2016;5,78%;5,86%;1042.19;1027.74;1027.42
01/11/2016;5,77%;5,85%;1044.44;1029.96;1029.54
03/11/2016;5,79%;5,87%;1041.13;1026.71;1026.38
04/11/2016;5,77%;5,85%;1045.29;1030.81;1030.29
07/11/2016;5,75%;5,83%;1049.28;1034.74;1034.41
08/11/2016;5,72%;5,80%;1055.11;1040.5;1040.17
09/11/2016;5,78%;5,86%;1044.2;1029.75;1029.43
10/11/2016;5,80%;5,88%;1040.88;1026.48;1026.16
11/11/2016;6,13%;6,21%;983.3;969.74;969.26
14/11/2016;6,23%;6,31%;966.82;953.5;953.06
16/11/2016;6,21%;6,29%;970.54;957.17;956.81
17/11/2016;6,11%;6,19%;987.88;974.27;973.91
18/11/2016;6,07%;6,15%;995.39;981.67;981.05
21/11/2016;6,07%;6,15%;995.75;982.03;981.67
22/11/2016;5,98%;6,06%;1011.8;997.84;997.48
23/11/2016;6,02%;6,10%;1005.16;991.3;990.94
24/11/2016;6,06%;6,14%;998.3;984.55;984.21
25/11/2016;6,14%;6,22%;985.09;971.53;971
28/11/2016;6,14%;6,22%;985.42;971.86;971.53
29/11/2016;6,11%;6,19%;990.89;977.26;976.92
30/11/2016;6,07%;6,15%;998.12;984.39;984.05
01/12/2016;6,08%;6,16%;996.73;983.02;982.68
02/12/2016;6,32%;6,40%;956.71;943.58;943.06
05/12/2016;6,19%;6,31%;978.8;958.7;958.37
06/12/2016;6,23%;6,35%;972.38;952.43;952.09
07/12/2016;6,17%;6,29%;982.86;962.68;962.35
08/12/2016;6,10%;6,22%;995.17;974.73;974.4
09/12/2016;6,01%;6,13%;1010.16;989.4;988.99
12/12/2016;6,10%;6,22%;994.84;974.42;974.13
13/12/2016;6,05%;6,17%;1003.78;983.17;982.87
14/12/2016;6,02%;6,14%;1009.3;988.57;988.28
15/12/2016;6,07%;6,19%;1000.99;980.45;980.07
16/12/2016;5,93%;6,05%;1026.24;1005.16;1004.46
19/12/2016;6,02%;6,14%;1010.78;990.04;989.65
20/12/2016;5,95%;6,07%;1023.48;1002.47;1002.08
21/12/2016;5,94%;6,06%;1025.65;1004.59;1004.21
22/12/2016;5,96%;6,08%;1022.05;1001.08;1000.75
23/12/2016;5,86%;5,98%;1040.43;1019.07;1018.53
26/12/2016;5,87%;5,99%;1038.97;1017.64;1017.31
27/12/2016;5,84%;5,96%;1044.72;1023.27;1022.93
28/12/2016;5,83%;5,95%;1046.87;1025.38;1025.04
29/12/2016;5,76%;5,88%;1060.86;1039.08;1037.85
02/01/2017;5,61%;5,73%;1088.76;1066.37;1066.03
03/01/2017;5,60%;5,72%;1090.99;1068.56;1068.22
04/01/2017;5,61%;5,73%;1089.44;1067.06;1066.72
05/01/2017;5,62%;5,74%;1087.91;1065.56;1065.22
06/01/2017;5,59%;5,71%;1094.13;1071.66;1071.1
09/01/2017;5,67%;5,79%;1079.44;1057.28;1056.94
10/01/2017;5,68%;5,80%;1077.92;1055.8;1055.46
11/01/2017;5,73%;5,85%;1068.89;1046.98;1046.64
12/01/2017;5,60%;5,72%;1093.52;1071.08;1070.74
13/01/2017;5,55%;5,67%;1103.66;1081.01;1080.37
16/01/2017;5,48%;5,60%;1117.55;1094.6;1094.16
17/01/2017;5,40%;5,52%;1133.57;1110.28;1109.84
18/01/2017;5,48%;5,60%;1118.42;1095.46;1095.03
19/01/2017;5,51%;5,63%;1113.07;1090.24;1089.8
20/01/2017;5,49%;5,61%;1117.57;1094.64;1093.89
23/01/2017;5,53%;5,65%;1110.28;1087.51;1087.11
24/01/2017;5,51%;5,63%;1114.95;1092.09;1091.28
26/01/2017;5,51%;5,63%;1115.36;1092.5;1092.09
27/01/2017;5,54%;5,66%;1110.37;1087.62;1086.87
30/01/2017;5,57%;5,69%;1105.04;1082.42;1082.01
31/01/2017;5,55%;5,67%;1109.28;1086.56;1086.15
01/02/2017;5,50%;5,62%;1119.3;1096.38;1095.97
02/02/2017;5,45%;5,57%;1129.42;1106.28;1105.87
03/02/2017;5,42%;5,54%;1136.05;1112.78;1112.02
06/02/2017;5,40%;5,52%;1140.4;1117.04;1116.63
07/02/2017;5,41%;5,53%;1138.85;1115.53;1115.12
08/02/2017;5,34%;5,46%;1152.1;1128.49;1128.12
09/02/2017;5,27%;5,39%;1166.49;1142.58;1142.2
10/02/2017;5,21%;5,33%;1179.31;1155.13;1154.47
13/02/2017;5,21%;5,33%;1179.69;1155.51;1155.13
14/02/2017;5,22%;5,34%;1178.04;1153.9;1153.52
15/02/2017;5,22%;5,34%;1178.47;1154.33;1153.9
16/02/2017;5,25%;5,37%;1172.82;1148.8;1148.37
17/02/2017;5,32%;5,44%;1159.57;1135.84;1135.03
20/02/2017;5,27%;5,39%;1170.04;1146.09;1145.67
21/02/2017;5,25%;5,37%;1174.52;1150.48;1150.05
22/02/2017;5,18%;5,30%;1189.22;1164.87;1164.44
23/02/2017;5,12%;5,24%;1201.92;1177.3;1176.88
24/02/2017;5,12%;5,24%;1203.1;1178.47;1177.3
01/03/2017;5,13%;5,25%;1201.46;1176.86;1176.44
02/03/2017;5,09%;5,21%;1210.2;1185.42;1.185,00
03/03/2017;5,11%;5,23%;1206.84;1182.14;1181.35
06/03/2017;5,08%;5,20%;1213.53;1188.69;1188.27
07/03/2017;5,10%;5,22%;1209.78;1185.03;1184.6
08/03/2017;5,12%;5,24%;1206.05;1181.38;1180.96
09/03/2017;5,18%;5,30%;1194.07;1169.67;1169.25
10/03/2017;5,14%;5,26%;1201.91;1177.34;1176.69
13/03/2017;5,09%;5,21%;1212.68;1187.89;1187.51
14/03/2017;5,16%;5,28%;1198.54;1174.05;1173.68
15/03/2017;5,22%;5,34%;1186.55;1162.33;1162.01
16/03/2017;5,17%;5,29%;1197.13;1172.69;1172.36
17/03/2017;5,16%;5,28%;1199.68;1175.19;1174.7
20/03/2017;5,15%;5,27%;1202.07;1177.53;1177.21
21/03/2017;5,08%;5,20%;1216.95;1192.11;1191.78
22/03/2017;5,18%;5,30%;1196.53;1172.13;1171.81
23/03/2017;5,21%;5,33%;1190.78;1166.5;1166.17
24/03/2017;5,18%;5,30%;1197.45;1173.04;1172.52
27/03/2017;5,20%;5,32%;1193.67;1169.35;1169.02
28/03/2017;5,16%;5,28%;1202.23;1177.73;1177.4
29/03/2017;5,16%;5,28%;1202.56;1178.06;1177.73
30/03/2017;5,17%;5,29%;1200.84;1176.38;1176.04
31/03/2017;5,18%;5,30%;1199.3;1174.87;1174.36
03/04/2017;5,13%;5,25%;1209.96;1185.32;1184.98
04/04/2017;5,16%;5,28%;1204.09;1179.57;1179.24
05/04/2017;5,15%;5,27%;1206.49;1181.93;1181.59
06/04/2017;5,20%;5,32%;1196.52;1172.18;1171.85
07/04/2017;5,25%;5,37%;1186.93;1162.8;1162.28
10/04/2017;5,22%;5,34%;1193.38;1169.12;1168.78
11/04/2017;5,21%;5,33%;1195.76;1171.46;1171.12
12/04/2017;5,27%;5,39%;1183.88;1159.83;1159.5
13/04/2017;5,25%;5,37%;1188.55;1164.4;1163.81
17/04/2017;5,27%;5,39%;1184.82;1160.76;1160.43
18/04/2017;5,26%;5,38%;1187.17;1163.07;1162.75
19/04/2017;5,28%;5,40%;1183.44;1159.43;1159.11
20/04/2017;5,29%;5,41%;1182.01;1158.04;1157.45
24/04/2017;5,29%;5,41%;1182.11;1158.13;1157.83
25/04/2017;5,38%;5,50%;1164.38;1140.79;1140.49
26/04/2017;5,44%;5,56%;1152.83;1129.49;1129.19
27/04/2017;5,38%;5,50%;1164.99;1141.4;1141.09
28/04/2017;5,40%;5,52%;1161.51;1138.0;1137.52
02/05/2017;5,38%;5,50%;1165.78;1142.19;1141.88
03/05/2017;5,35%;5,47%;1172.07;1148.34;1148.04
04/05/2017;5,36%;5,48%;1170.38;1146.69;1146.39
05/05/2017;5,36%;5,48%;1170.81;1147.12;1146.69
08/05/2017;5,34%;5,46%;1175.11;1151.34;1151.03
09/05/2017;5,31%;5,43%;1181.44;1157.54;1157.23
10/05/2017;5,30%;5,42%;1183.56;1159.61;1159.31
11/05/2017;5,25%;5,37%;1193.98;1169.82;1169.52
12/05/2017;5,20%;5,32%;1204.62;1180.23;1179.83
15/05/2017;5,13%;5,25%;1219.52;1194.83;1194.39
16/05/2017;5,06%;5,18%;1234.62;1209.61;1209.17
17/05/2017;4,97%;5,09%;1254.18;1228.75;1228.31
18/05/2017;5,97%;6,09%;1058.57;1037.32;1036.9
19/05/2017;6,01%;6,13%;1052.18;1031.07;1030.33
22/05/2017;5,72%;5,84%;1105.54;1083.3;1082.88
23/05/2017;5,64%;5,76%;1121.05;1098.49;1098.07
24/05/2017;5,49%;5,61%;1150.3;1127.12;1126.71
25/05/2017;5,57%;5,69%;1135.22;1112.36;1111.95
26/05/2017;5,52%;5,64%;1145.66;1122.59;1121.82
29/05/2017;5,55%;5,67%;1140.26;1117.32;1116.9
30/05/2017;5,49%;5,61%;1152.35;1129.15;1128.73
31/05/2017;5,48%;5,60%;1154.73;1131.48;1131.06
01/06/2017;5,52%;5,64%;1147.34;1124.26;1123.84
02/06/2017;5,60%;5,72%;1132.67;1109.9;1109.15
05/06/2017;5,71%;5,83%;1112.2;1089.87;1089.46
06/06/2017;5,73%;5,85%;1108.86;1086.61;1086.2
07/06/2017;5,67%;5,79%;1120.58;1098.09;1097.68
08/06/2017;5,77%;5,89%;1102.22;1080.12;1079.71
09/06/2017;5,66%;5,78%;1121.95;1099.44;1098.86
12/06/2017;5,67%;5,79%;1120.41;1097.94;1097.58
13/06/2017;5,63%;5,75%;1128.37;1105.73;1105.38
14/06/2017;5,69%;5,81%;1117.3;1094.9;1094.59
16/06/2017;5,59%;5,71%;1136.44;1113.65;1113.53
19/06/2017;5,55%;5,67%;1144.35;1121.39;1121.19
20/06/2017;5,52%;5,64%;1150.37;1127.29;1127.09
21/06/2017;5,55%;5,67%;1144.75;1121.79;1121.59
22/06/2017;5,58%;5,70%;1139.17;1116.33;1116.13
23/06/2017;5,61%;5,73%;1133.52;1110.81;1110.7
26/06/2017;5,61%;5,73%;1133.49;1110.79;1110.61
27/06/2017;5,62%;5,74%;1131.77;1109.1;1108.92
28/06/2017;5,66%;5,78%;1124.34;1101.84;1101.66
29/06/2017;5,49%;5,61%;1157.23;1134.04;1133.86
30/06/2017;5,56%;5,68%;1143.69;1120.79;1120.74
03/07/2017;5,56%;5,68%;1143.87;1120.97;1120.79
04/07/2017;5,61%;5,73%;1134.45;1111.76;1111.58
05/07/2017;5,58%;5,70%;1140.38;1117.57;1117.39
06/07/2017;5,62%;5,74%;1132.91;1110.25;1110.07
07/07/2017;5,60%;5,72%;1136.21;1113.49;1113.51
10/07/2017;5,57%;5,69%;1142.13;1119.29;1119.13
11/07/2017;5,61%;5,73%;1134.62;1111.95;1111.79
12/07/2017;5,56%;5,68%;1144.37;1121.49;1121.33
13/07/2017;5,55%;5,67%;1146.45;1123.54;1123.38
14/07/2017;5,54%;5,66%;1148.67;1125.72;1125.43
17/07/2017;5,50%;5,62%;1156.75;1133.63;1133.32
18/07/2017;5,46%;5,58%;1164.88;1141.59;1141.28
19/07/2017;5,35%;5,47%;1186.98;1163.23;1162.92
20/07/2017;5,31%;5,43%;1195.32;1171.4;1171.09
21/07/2017;5,25%;5,37%;1207.64;1183.47;1183.11
24/07/2017;5,26%;5,38%;1205.89;1181.77;1181.48
25/07/2017;5,28%;5,40%;1202.12;1178.08;1177.8
26/07/2017;5,32%;5,44%;1194.33;1170.46;1170.18
27/07/2017;5,26%;5,38%;1206.75;1182.62;1182.33
28/07/2017;5,27%;5,39%;1205.08;1180.99;1180.63
31/07/2017;5,31%;5,43%;1197.28;1173.36;1173.07
01/08/2017;5,26%;5,38%;1207.68;1183.55;1183.26
02/08/2017;5,28%;5,40%;1203.9;1179.86;1179.58
03/08/2017;5,19%;5,31%;1222.56;1198.13;1197.85
04/08/2017;5,17%;5,29%;1227.05;1202.53;1202.17
07/08/2017;5,12%;5,24%;1237.71;1212.97;1212.68
08/08/2017;5,16%;5,28%;1229.69;1205.12;1204.84
09/08/2017;5,20%;5,32%;1223.16;1198.74;1198.4
10/08/2017;5,23%;5,35%;1217.34;1193.05;1192.71
11/08/2017;5,23%;5,35%;1217.87;1193.57;1193.05
14/08/2017;5,24%;5,36%;1216.17;1191.91;1191.57
15/08/2017;5,27%;5,39%;1210.51;1186.38;1185.93
16/08/2017;5,21%;5,33%;1223.23;1198.83;1198.38
17/08/2017;5,21%;5,33%;1223.68;1199.28;1198.83
18/08/2017;5,20%;5,32%;1226.61;1202.16;1201.3
21/08/2017;5,22%;5,34%;1222.95;1198.59;1198.13
22/08/2017;5,23%;5,35%;1221.36;1197.03;1196.58
23/08/2017;5,24%;5,36%;1219.77;1195.48;1195.03
24/08/2017;5,24%;5,36%;1219.68;1195.39;1194.99
25/08/2017;5,23%;5,35%;1222.43;1198.09;1197.4
28/08/2017;5,21%;5,33%;1226.94;1202.51;1202.11
29/08/2017;5,25%;5,37%;1219.14;1194.88;1194.48
30/08/2017;5,22%;5,34%;1225.68;1201.3;1200.9
31/08/2017;5,24%;5,36%;1221.98;1197.68;1197.28
01/09/2017;5,18%;5,30%;1235.04;1210.47;1209.77
04/09/2017;5,19%;5,31%;1233.38;1208.85;1208.45
05/09/2017;5,13%;5,25%;1246.24;1221.45;1221.05
06/09/2017;5,07%;5,19%;1257.46;1232.43;1232.03
08/09/2017;5,02%;5,14%;1268.52;1243.27;1242.8
11/09/2017;5,00%;5,12%;1273.11;1247.77;1247.44
12/09/2017;5,01%;5,13%;1271.3;1.246,00;1245.68
13/09/2017;5,01%;5,13%;1271.63;1246.33;1.246,00
14/09/2017;5,03%;5,15%;1267.7;1242.48;1242.16
15/09/2017;5,05%;5,17%;1264.01;1238.88;1238.34
18/09/2017;5,06%;5,18%;1262.24;1237.16;1236.81
19/09/2017;5,04%;5,16%;1266.82;1241.65;1241.3
20/09/2017;5,05%;5,17%;1265.05;1239.92;1239.57
21/09/2017;5,03%;5,15%;1269.64;1244.42;1244.07
22/09/2017;5,03%;5,15%;1269.56;1244.34;1243.98
25/09/2017;5,07%;5,19%;1261.38;1236.34;1236.06
26/09/2017;5,07%;5,19%;1261.66;1236.63;1236.34
27/09/2017;5,07%;5,19%;1261.95;1236.91;1236.63
28/09/2017;5,06%;5,18%;1264.35;1239.27;1238.98
29/09/2017;5,07%;5,19%;1262.6;1237.56;1237.2
02/10/2017;5,07%;5,19%;1262.88;1237.84;1237.56
03/10/2017;5,07%;5,19%;1263.17;1238.13;1237.84
04/10/2017;5,05%;5,17%;1267.68;1242.55;1242.27
05/10/2017;5,10%;5,22%;1257.43;1232.52;1232.24
06/10/2017;5,14%;5,26%;1250.13;1225.38;1224.94
09/10/2017;5,06%;5,18%;1267.24;1242.14;1241.82
10/10/2017;5,02%;5,14%;1276.04;1250.76;1250.45
11/10/2017;5,06%;5,18%;1267.94;1242.83;1242.45
13/10/2017;5,09%;5,21%;1262.17;1237.2;1236.64
16/10/2017;5,12%;5,24%;1256.31;1231.47;1231.04
17/10/2017;5,09%;5,21%;1263.04;1238.06;1237.63
18/10/2017;5,06%;5,18%;1269.8;1244.68;1244.26
19/10/2017;5,08%;5,20%;1266.01;1240.98;1240.55
20/10/2017;5,05%;5,17%;1273.15;1247.98;1247.19
23/10/2017;5,07%;5,19%;1269.46;1244.37;1243.93
24/10/2017;5,07%;5,19%;1269.91;1244.81;1244.37
25/10/2017;5,14%;5,26%;1255.65;1230.86;1230.42
26/10/2017;5,17%;5,29%;1249.84;1225.18;1224.74
27/10/2017;5,29%;5,41%;1.226,00;1201.84;1201.03
30/10/2017;5,17%;5,29%;1251.12;1226.44;1.226,00
31/10/2017;5,27%;5,39%;1230.96;1206.71;1206.27
01/11/2017;5,24%;5,36%;1237.74;1213.35;1212.73
03/11/2017;5,31%;5,43%;1224.27;1200.17;1199.36
06/11/2017;5,32%;5,44%;1222.68;1198.62;1198.18
07/11/2017;5,34%;5,46%;1219.08;1195.1;1194.66
08/11/2017;5,32%;5,44%;1223.56;1199.5;1199.06
09/11/2017;5,30%;5,42%;1228.06;1203.91;1203.47
10/11/2017;5,35%;5,47%;1218.07;1194.13;1193.39
13/11/2017;5,39%;5,51%;1210.45;1186.68;1186.26
14/11/2017;5,35%;5,47%;1219.11;1195.16;1194.54
16/11/2017;5,45%;5,57%;1199.56;1176.02;1175.58
17/11/2017;5,38%;5,50%;1214.82;1190.97;1189.69
21/11/2017;5,36%;5,48%;1219.29;1195.36;1194.91
22/11/2017;5,35%;5,47%;1221.76;1197.79;1197.34
23/11/2017;5,35%;5,47%;1222.21;1198.23;1197.79
24/11/2017;5,40%;5,52%;1212.43;1188.66;1187.96
27/11/2017;5,41%;5,53%;1210.83;1187.1;1186.7
28/11/2017;5,39%;5,51%;1215.24;1191.42;1191.02
29/11/2017;5,37%;5,49%;1219.66;1195.75;1195.35
30/11/2017;5,44%;5,56%;1206.05;1182.44;1182.04
01/12/2017;5,48%;5,60%;1198.82;1175.37;1174.68
04/12/2017;5,44%;5,56%;1207.16;1183.53;1183.13
05/12/2017;5,48%;5,60%;1199.63;1176.16;1175.76
06/12/2017;5,47%;5,59%;1202.01;1178.5;1178.1
07/12/2017;5,51%;5,63%;1194.52;1171.17;1170.77
08/12/2017;5,46%;5,58%;1204.15;1180.61;1180.03
11/12/2017;5,45%;5,57%;1206.5;1182.92;1182.55
12/12/2017;5,50%;5,62%;1196.98;1173.6;1173.24
13/12/2017;5,44%;5,56%;1209.22;1185.59;1185.23
14/12/2017;5,47%;5,59%;1203.64;1180.13;1179.77
15/12/2017;5,50%;5,62%;1198.28;1174.89;1174.33
18/12/2017;5,46%;5,58%;1206.55;1182.99;1182.63
19/12/2017;5,50%;5,62%;1.199,00;1175.61;1175.25
20/12/2017;5,48%;5,60%;1203.31;1179.83;1179.47
21/12/2017;5,45%;5,57%;1209.61;1186.01;1185.65
22/12/2017;5,42%;5,54%;1216.22;1192.49;1191.84
26/12/2017;5,48%;5,60%;1204.65;1181.17;1180.81
27/12/2017;5,42%;5,54%;1216.94;1193.2;1192.85
28/12/2017;5,44%;5,56%;1213.97;1190.3;1189.29
02/01/2018;5,44%;5,56%;1214.32;1190.66;1190.3
03/01/2018;5,37%;5,49%;1228.71;1204.76;1204.4
04/01/2018;5,37%;5,49%;1229.07;1205.12;1204.76
05/01/2018;5,36%;5,48%;1231.66;1207.65;1207.09
08/01/2018;5,35%;5,47%;1234.04;1209.99;1209.63
09/01/2018;5,36%;5,48%;1232.37;1208.37;1208.01
10/01/2018;5,38%;5,50%;1230.62;1206.65;1206.23
11/01/2018;5,36%;5,48%;1235.09;1211.04;1210.61
12/01/2018;5,27%;5,39%;1254.25;1229.81;1229.03
15/01/2018;5,23%;5,35%;1262.9;1238.29;1237.9
16/01/2018;5,27%;5,39%;1255.04;1230.6;1230.2
17/01/2018;5,19%;5,31%;1272.02;1247.23;1246.84
18/01/2018;5,20%;5,32%;1270.33;1245.59;1245.19
19/01/2018;5,14%;5,26%;1283.59;1258.58;1257.89
22/01/2018;5,16%;5,28%;1279.78;1254.86;1254.46
23/01/2018;5,19%;5,31%;1273.9;1249.1;1248.71
24/01/2018;5,19%;5,31%;1274.88;1250.07;1249.25
26/01/2018;4,95%;5,07%;1326.82;1300.95;1300.21
29/01/2018;5,02%;5,14%;1312.08;1286.53;1286.11
30/01/2018;5,02%;5,14%;1312.51;1286.94;1286.53
31/01/2018;5,04%;5,16%;1308.63;1283.15;1282.74
01/02/2018;5,04%;5,16%;1309.8;1284.31;1283.15
05/02/2018;5,11%;5,23%;1295.28;1270.1;1269.68
06/02/2018;5,17%;5,29%;1283.05;1258.12;1257.71
07/02/2018;5,12%;5,24%;1.294,00;1268.86;1268.44
08/02/2018;5,15%;5,27%;1287.05;1262.06;1261.68
09/02/2018;5,15%;5,27%;1287.91;1262.9;1262.06
14/02/2018;5,16%;5,28%;1286.18;1261.22;1260.84
15/02/2018;5,16%;5,28%;1286.62;1261.66;1261.22
16/02/2018;5,08%;5,20%;1304.37;1279.05;1278.24
19/02/2018;5,04%;5,16%;1313.38;1287.87;1287.43
20/02/2018;5,05%;5,17%;1311.67;1286.21;1285.77
21/02/2018;5,09%;5,21%;1303.57;1278.28;1277.84
22/02/2018;5,11%;5,23%;1299.76;1274.55;1274.12
23/02/2018;5,04%;5,16%;1315.52;1.290,00;1289.2
26/02/2018;5,09%;5,21%;1305.27;1279.96;1279.53
27/02/2018;5,07%;5,19%;1309.56;1284.17;1283.76
28/02/2018;5,08%;5,20%;1307.83;1282.49;1282.08
01/03/2018;5,15%;5,27%;1293.39;1268.35;1267.94
02/03/2018;5,10%;5,22%;1304.7;1279.43;1278.72
05/03/2018;5,07%;5,19%;1311.51;1286.11;1285.7
06/03/2018;5,06%;5,18%;1314.07;1288.62;1288.21
07/03/2018;5,11%;5,23%;1303.81;1278.58;1278.17
08/03/2018;5,09%;5,21%;1308.48;1283.16;1282.75
09/03/2018;5,09%;5,21%;1309.08;1283.75;1283.05
12/03/2018;5,05%;5,17%;1318.05;1292.54;1292.14
13/03/2018;5,07%;5,19%;1314.17;1288.75;1288.34
14/03/2018;5,06%;5,18%;1316.72;1291.25;1290.85
15/03/2018;5,08%;5,20%;1312.75;1287.38;1287.06
16/03/2018;5,08%;5,20%;1313.19;1287.81;1287.38
19/03/2018;5,07%;5,19%;1315.65;1290.22;1289.91
20/03/2018;5,10%;5,22%;1309.56;1284.27;1283.95
21/03/2018;5,18%;5,30%;1292.96;1268.01;1267.69
22/03/2018;5,08%;5,20%;1314.46;1289.08;1288.76
23/03/2018;5,12%;5,24%;1306.38;1281.17;1280.74
26/03/2018;5,09%;5,21%;1313.03;1287.69;1287.38
27/03/2018;5,13%;5,25%;1304.84;1279.67;1279.36
28/03/2018;5,14%;5,26%;1303.04;1277.91;1277.6
29/03/2018;5,23%;5,35%;1284.62;1259.88;1259.41
02/04/2018;5,19%;5,31%;1293.3;1268.38;1268.07
03/04/2018;5,18%;5,30%;1295.71;1270.75;1270.44
04/04/2018;5,33%;5,45%;1264.91;1240.58;1240.27
05/04/2018;5,19%;5,31%;1294.24;1269.32;1269.01
06/04/2018;5,31%;5,43%;1269.74;1245.33;1244.92
09/04/2018;5,33%;5,45%;1265.95;1241.63;1241.32
10/04/2018;5,31%;5,43%;1269.93;1245.53;1245.23
11/04/2018;5,35%;5,47%;1262.04;1237.8;1237.51
12/04/2018;5,26%;5,38%;1280.84;1256.23;1255.93
13/04/2018;5,28%;5,40%;1277.18;1252.65;1252.18
16/04/2018;5,25%;5,37%;1283.78;1259.12;1258.73
17/04/2018;5,24%;5,36%;1286.26;1261.56;1261.16
18/04/2018;5,24%;5,36%;1286.66;1261.95;1261.56
19/04/2018;5,24%;5,36%;1287.06;1262.35;1261.95
20/04/2018;5,26%;5,38%;1283.57;1258.94;1258.28
23/04/2018;5,27%;5,39%;1281.74;1257.16;1256.78
24/04/2018;5,27%;5,39%;1282.13;1257.54;1257.16
25/04/2018;5,37%;5,49%;1261.98;1237.81;1237.43
26/04/2018;5,28%;5,40%;1280.82;1256.27;1255.89
27/04/2018;5,25%;5,37%;1287.66;1262.98;1262.36
30/04/2018;5,29%;5,41%;1279.87;1255.36;1254.86
02/05/2018;5,31%;5,43%;1276.13;1251.7;1251.32
03/05/2018;5,29%;5,41%;1280.64;1256.12;1255.74
04/05/2018;5,37%;5,49%;1264.85;1240.66;1240.05
07/05/2018;5,33%;5,45%;1273.41;1249.05;1248.66
08/05/2018;5,35%;5,47%;1269.69;1245.41;1245.03
09/05/2018;5,48%;5,60%;1243.79;1220.04;1219.66
10/05/2018;5,42%;5,54%;1255.58;1231.59;1231.24
11/05/2018;5,37%;5,49%;1266.26;1242.06;1241.53
14/05/2018;5,42%;5,54%;1256.47;1232.48;1232.13
15/05/2018;5,55%;5,67%;1230.92;1207.45;1207.04
16/05/2018;5,41%;5,53%;1259.32;1235.29;1234.87
17/05/2018;5,37%;5,49%;1267.85;1243.65;1243.24
18/05/2018;5,50%;5,62%;1242.37;1218.69;1217.99
21/05/2018;5,56%;5,68%;1230.88;1207.43;1207.03
22/05/2018;5,51%;5,63%;1241.2;1217.55;1217.14
23/05/2018;5,56%;5,68%;1231.7;1208.25;1207.84
24/05/2018;5,56%;5,68%;1232.11;1208.66;1208.25
25/05/2018;5,48%;5,60%;1247.99;1224.22;1223.69
28/05/2018;5,59%;5,71%;1226.54;1203.22;1202.86
29/05/2018;5,64%;5,76%;1217.12;1193.99;1193.64
30/05/2018;5,63%;5,75%;1219.52;1196.34;1195.9
01/06/2018;5,68%;5,80%;1210.34;1187.36;1186.83
04/06/2018;5,62%;5,74%;1222.36;1199.14;1198.79
05/06/2018;5,83%;5,95%;1182.39;1159.98;1159.63
06/06/2018;5,89%;6,01%;1171.48;1149.3;1148.94
07/06/2018;5,95%;6,07%;1160.68;1138.72;1138.37
08/06/2018;5,85%;5,97%;1181.6;1159.23;1158.51
11/06/2018;5,74%;5,86%;1202.94;1180.14;1179.72
12/06/2018;5,86%;5,98%;1180.55;1158.21;1157.8
13/06/2018;5,91%;6,03%;1171.61;1149.45;1149.04
14/06/2018;5,81%;5,93%;1190.84;1168.3;1167.89
15/06/2018;5,96%;6,08%;1164.03;1142.03;1140.77
18/06/2018;5,98%;6,10%;1160.94;1139.01;1138.41
19/06/2018;5,96%;6,08%;1165.24;1143.24;1142.63
20/06/2018;5,76%;5,88%;1203.54;1180.77;1180.16
21/06/2018;5,87%;5,99%;1183.27;1160.91;1160.31
22/06/2018;5,90%;6,02%;1178.94;1156.67;1155.39
25/06/2018;5,90%;6,02%;1181.09;1158.79;1158.05
26/06/2018;5,78%;5,90%;1204.61;1181.85;1181.09
27/06/2018;5,86%;5,98%;1190.14;1167.67;1166.92
28/06/2018;5,88%;6,00%;1187.12;1164.72;1163.97
29/06/2018;5,86%;5,98%;1192.63;1170.13;1168.42
02/07/2018;5,79%;5,91%;1206.74;1183.96;1183.2
03/07/2018;5,76%;5,88%;1213.27;1190.37;1189.61
04/07/2018;5,79%;5,91%;1208.27;1185.47;1184.71
05/07/2018;5,74%;5,86%;1218.68;1195.68;1194.92
06/07/2018;5,80%;5,92%;1209.84;1187.03;1184.51
10/07/2018;5,72%;5,84%;1226.09;1202.96;1202.19
11/07/2018;5,71%;5,83%;1228.82;1205.65;1204.87
12/07/2018;5,73%;5,85%;1225.71;1202.6;1201.83
13/07/2018;5,77%;5,89%;1219.39;1196.42;1.195,00
16/07/2018;5,78%;5,90%;1217.87;1194.94;1194.52
17/07/2018;5,86%;5,98%;1202.94;1180.31;1179.9
18/07/2018;5,80%;5,92%;1214.85;1191.99;1191.57
19/07/2018;5,85%;5,97%;1205.68;1183.01;1182.59
20/07/2018;5,68%;5,80%;1239.31;1215.97;1215.27
23/07/2018;5,74%;5,86%;1227.75;1204.65;1204.26
24/07/2018;5,75%;5,87%;1226.2;1203.13;1202.74
25/07/2018;5,72%;5,84%;1232.43;1209.25;1208.86
26/07/2018;5,75%;5,87%;1226.98;1203.91;1203.52
27/07/2018;5,74%;5,86%;1229.56;1206.44;1205.81
30/07/2018;5,73%;5,85%;1231.89;1208.73;1208.35
31/07/2018;5,75%;5,87%;1228.39;1205.31;1204.92
01/08/2018;5,76%;5,88%;1226.84;1203.8;1203.41
02/08/2018;5,77%;5,89%;1225.29;1202.29;1201.9
03/08/2018;5,69%;5,81%;1241.53;1218.2;1217.57
06/08/2018;5,64%;5,76%;1251.78;1228.25;1227.86
07/08/2018;5,66%;5,78%;1248.22;1224.77;1224.38
08/08/2018;5,67%;5,79%;1246.94;1223.53;1223.12
09/08/2018;5,79%;5,91%;1223.93;1200.98;1200.57
10/08/2018;5,84%;5,96%;1214.97;1192.2;1191.55
13/08/2018;5,94%;6,06%;1196.37;1173.97;1173.57
14/08/2018;5,62%;5,74%;1258.73;1235.11;1234.7
15/08/2018;5,73%;5,85%;1237.34;1214.15;1213.86
16/08/2018;5,57%;5,69%;1269.28;1245.46;1245.18
17/08/2018;5,66%;5,78%;1251.68;1228.22;1227.9
20/08/2018;5,62%;5,74%;1259.9;1236.27;1235.99
21/08/2018;5,66%;5,78%;1252.25;1228.79;1228.5
22/08/2018;5,83%;5,95%;1219.43;1196.62;1196.34
23/08/2018;5,62%;5,74%;1260.75;1237.13;1236.84
24/08/2018;5,65%;5,77%;1254.97;1231.46;1231.19
27/08/2018;5,61%;5,73%;1263.18;1239.52;1239.25
28/08/2018;5,68%;5,80%;1249.59;1226.21;1225.93
29/08/2018;5,78%;5,90%;1230.35;1207.35;1207.08
30/08/2018;5,75%;5,87%;1236.44;1213.33;1213.06
31/08/2018;5,80%;5,92%;1227.03;1204.11;1203.84
03/09/2018;5,85%;5,97%;1217.7;1194.97;1194.69
04/09/2018;5,84%;5,96%;1219.89;1197.12;1196.85
05/09/2018;5,87%;5,99%;1214.43;1191.78;1191.5
06/09/2018;5,80%;5,92%;1227.2;1204.3;1204.17
10/09/2018;5,75%;5,87%;1237.12;1214.03;1213.79
11/09/2018;5,91%;6,03%;1206.67;1184.19;1183.95
12/09/2018;5,78%;5,90%;1231.78;1208.81;1208.57
13/09/2018;5,83%;5,95%;1222.39;1199.61;1199.37
14/09/2018;5,83%;5,95%;1222.89;1200.11;1199.61
17/09/2018;5,93%;6,05%;1204.27;1181.86;1181.46
18/09/2018;5,92%;6,04%;1206.57;1184.11;1183.71
19/09/2018;5,92%;6,04%;1206.97;1184.51;1184.11
20/09/2018;5,90%;6,02%;1211.16;1188.63;1188.22
21/09/2018;5,85%;5,97%;1221.35;1198.62;1197.96
24/09/2018;5,96%;6,08%;1201.22;1178.89;1178.46
25/09/2018;6,00%;6,12%;1194.16;1171.98;1171.55
26/09/2018;5,96%;6,08%;1202.09;1179.76;1179.33
27/09/2018;5,95%;6,07%;1204.41;1182.04;1181.6
28/09/2018;5,95%;6,07%;1205.17;1182.79;1182.04
01/10/2018;5,95%;6,07%;1205.6;1183.22;1182.79
02/10/2018;5,87%;5,99%;1221.21;1198.53;1198.09
03/10/2018;5,76%;5,88%;1242.85;1219.74;1219.31
04/10/2018;5,84%;5,96%;1227.84;1205.03;1204.6
05/10/2018;5,62%;5,74%;1272.4;1248.72;1247.85
08/10/2018;5,47%;5,59%;1303.14;1278.87;1278.39
09/10/2018;5,50%;5,62%;1297.51;1273.36;1272.88
10/10/2018;5,47%;5,59%;1304.11;1279.83;1279.35
11/10/2018;5,41%;5,53%;1317.55;1293.01;1291.91
15/10/2018;5,42%;5,54%;1315.97;1291.47;1290.99
16/10/2018;5,31%;5,43%;1339.35;1314.39;1313.91
17/10/2018;5,33%;5,45%;1335.64;1310.76;1310.28
18/10/2018;5,30%;5,42%;1342.42;1317.42;1316.94
19/10/2018;5,27%;5,39%;1349.67;1324.53;1323.63
22/10/2018;5,23%;5,35%;1358.65;1333.34;1332.85
23/10/2018;5,23%;5,35%;1359.14;1333.82;1333.34
24/10/2018;5,26%;5,38%;1353.47;1328.27;1327.76
25/10/2018;5,28%;5,40%;1349.74;1324.63;1324.12
26/10/2018;5,23%;5,35%;1361.34;1336.01;1335.03
29/10/2018;5,03%;5,15%;1405.23;1379.03;1378.51
30/10/2018;5,15%;5,27%;1379.54;1353.86;1353.35
31/10/2018;5,16%;5,28%;1377.9;1352.26;1351.74
01/11/2018;5,16%;5,28%;1379.13;1353.47;1352.26
05/11/2018;5,20%;5,32%;1371.03;1345.54;1345.03
06/11/2018;5,21%;5,33%;1369.41;1343.95;1343.44
07/11/2018;5,13%;5,25%;1386.21;1360.43;1359.96
08/11/2018;5,23%;5,35%;1365.17;1339.81;1339.34
09/11/2018;5,28%;5,40%;1355.41;1330.25;1329.39
12/11/2018;5,18%;5,30%;1377.23;1351.65;1351.18
13/11/2018;5,19%;5,31%;1375.56;1350.01;1349.54
14/11/2018;5,22%;5,34%;1369.57;1344.16;1343.71
16/11/2018;5,11%;5,23%;1393.53;1367.64;1367.44
19/11/2018;5,12%;5,24%;1391.86;1366.02;1365.51
20/11/2018;5,12%;5,24%;1391.86;1366.02;1365.77
21/11/2018;5,15%;5,27%;1385.6;1359.89;1359.64
22/11/2018;5,08%;5,20%;1401.09;1375.08;1374.83
23/11/2018;5,03%;5,15%;1412.29;1386.06;1385.86
26/11/2018;5,06%;5,18%;1405.76;1379.68;1379.44
27/11/2018;5,17%;5,29%;1382.07;1356.46;1356.22
28/11/2018;5,08%;5,20%;1401.86;1375.86;1375.62
29/11/2018;5,17%;5,29%;1382.55;1356.94;1356.7
30/11/2018;5,09%;5,21%;1400.07;1374.12;1373.96
03/12/2018;5,06%;5,18%;1406.88;1380.8;1380.56
04/12/2018;5,17%;5,29%;1383.19;1357.59;1357.35
05/12/2018;5,11%;5,23%;1396.43;1370.57;1370.33
06/12/2018;5,22%;5,34%;1372.95;1347.56;1347.31
07/12/2018;5,08%;5,20%;1401.85;1375.9;1375.91
10/12/2018;5,18%;5,30%;1380.37;1354.84;1354.66
11/12/2018;5,16%;5,28%;1384.85;1359.25;1359.07
12/12/2018;5,10%;5,22%;1398.03;1372.17;1371.99
13/12/2018;5,12%;5,24%;1393.86;1368.09;1367.91
14/12/2018;5,11%;5,23%;1396.3;1370.48;1370.22
17/12/2018;5,06%;5,18%;1407.53;1381.5;1381.18
18/12/2018;5,03%;5,15%;1414.44;1388.28;1387.96
19/12/2018;5,01%;5,13%;1419.17;1392.92;1392.6
20/12/2018;5,01%;5,13%;1419.49;1393.25;1392.92
21/12/2018;5,02%;5,14%;1418.06;1391.86;1391.08
24/12/2018;5,03%;5,15%;1415.86;1389.7;1389.33
26/12/2018;5,01%;5,13%;1420.59;1394.35;1394.02
27/12/2018;5,02%;5,14%;1418.7;1392.5;1392.18
28/12/2018;5,03%;5,15%;1417.28;1391.12;1390.34
02/01/2019;4,95%;5,07%;1435.33;1408.83;1408.5
03/01/2019;4,95%;5,07%;1435.65;1409.15;1408.83
04/01/2019;4,98%;5,10%;1429.39;1403.01;1402.6
07/01/2019;4,85%;4,97%;1458.88;1431.93;1431.61
08/01/2019;4,80%;4,92%;1470.58;1443.42;1443.09
09/01/2019;4,79%;4,91%;1473.19;1445.98;1445.66
10/01/2019;4,73%;4,85%;1487.32;1459.84;1459.52
11/01/2019;4,65%;4,77%;1507.09;1479.23;1478.74
14/01/2019;4,71%;4,83%;1493.44;1465.85;1465.51
15/01/2019;4,59%;4,71%;1522.04;1493.9;1493.44
16/01/2019;4,62%;4,74%;1515.42;1487.42;1486.96
17/01/2019;4,64%;4,76%;1511.18;1483.27;1482.81
18/01/2019;4,59%;4,71%;1523.84;1495.68;1494.83
21/01/2019;4,62%;4,74%;1517.21;1489.2;1488.73
22/01/2019;4,57%;4,69%;1529.52;1501.27;1500.8
23/01/2019;4,61%;4,73%;1520.51;1492.44;1491.98
24/01/2019;4,56%;4,68%;1533.63;1505.33;1504.03
25/01/2019;4,59%;4,71%;1526.5;1498.34;1497.5
28/01/2019;4,58%;4,70%;1529.34;1501.13;1500.66
29/01/2019;4,56%;4,68%;1534.56;1506.25;1505.79
30/01/2019;4,54%;4,66%;1539.8;1511.4;1510.93
31/01/2019;4,46%;4,58%;1559.52;1530.73;1530.27
01/02/2019;4,46%;4,58%;1560.37;1531.58;1530.73
04/02/2019;4,42%;4,54%;1570.57;1541.58;1541.12
05/02/2019;4,43%;4,55%;1568.6;1539.66;1539.19
06/02/2019;4,51%;4,63%;1549.71;1521.15;1520.68
07/02/2019;4,52%;4,64%;1547.77;1519.25;1518.79
08/02/2019;4,55%;4,67%;1540.51;1512.14;1511.39
11/02/2019;4,59%;4,71%;1531.42;1503.24;1502.8
12/02/2019;4,59%;4,71%;1531.85;1503.66;1503.24
13/02/2019;4,53%;4,65%;1546.58;1518.12;1517.69
14/02/2019;4,51%;4,63%;1551.81;1523.25;1522.82
15/02/2019;4,45%;4,57%;1567.14;1538.29;1537.46
18/02/2019;4,45%;4,57%;1567.6;1538.75;1538.29
19/02/2019;4,40%;4,52%;1580.26;1551.17;1550.7
20/02/2019;4,40%;4,52%;1580.72;1551.62;1551.17
21/02/2019;4,49%;4,61%;1559.31;1530.64;1530.18
22/02/2019;4,48%;4,60%;1562.56;1533.84;1533.01
25/02/2019;4,45%;4,57%;1570.29;1541.43;1540.97
26/02/2019;4,51%;4,63%;1556.25;1527.66;1527.2
27/02/2019;4,50%;4,62%;1559.12;1530.48;1530.02
28/02/2019;4,46%;4,58%;1569.25;1540.42;1539.96
01/03/2019;4,46%;4,58%;1570.47;1541.63;1540.42
06/03/2019;4,49%;4,61%;1563.67;1534.97;1534.51
07/03/2019;4,43%;4,55%;1578.7;1549.71;1549.25
08/03/2019;4,42%;4,54%;1581.98;1552.94;1552.11
11/03/2019;4,35%;4,47%;1599.65;1570.28;1569.81
12/03/2019;4,35%;4,47%;1601.45;1572.05;1571.54
13/03/2019;4,32%;4,44%;1609.41;1579.86;1579.35
14/03/2019;4,38%;4,50%;1595.08;1565.81;1565.3
15/03/2019;4,38%;4,50%;1596.07;1566.8;1565.81
18/03/2019;4,31%;4,43%;1613.93;1584.32;1583.8
19/03/2019;4,28%;4,40%;1621.94;1592.18;1591.66
20/03/2019;4,30%;4,42%;1617.46;1587.79;1587.27
21/03/2019;4,30%;4,42%;1617.97;1588.3;1587.79
22/03/2019;4,46%;4,58%;1579.53;1550.62;1549.64
25/03/2019;4,46%;4,58%;1580.04;1551.12;1550.62
26/03/2019;4,39%;4,51%;1597.69;1568.44;1567.93
27/03/2019;4,54%;4,66%;1562.44;1533.88;1533.32
28/03/2019;4,61%;4,73%;1546.28;1518.04;1517.48
29/03/2019;4,46%;4,58%;1583.52;1554.57;1553.43
01/04/2019;4,40%;4,52%;1598.78;1569.54;1568.98
02/04/2019;4,43%;4,55%;1591.99;1562.89;1562.32
03/04/2019;4,42%;4,54%;1595.01;1565.86;1565.29
04/04/2019;4,48%;4,60%;1580.93;1552.06;1551.5
05/04/2019;4,46%;4,58%;1586.96;1557.98;1556.84
08/04/2019;4,45%;4,57%;1589.98;1560.95;1560.38
09/04/2019;4,48%;4,60%;1583.24;1554.34;1553.78
10/04/2019;4,48%;4,60%;1586.14;1557.2;1556.55
11/04/2019;4,56%;4,68%;1567.44;1538.87;1538.22
12/04/2019;4,57%;4,69%;1566.45;1537.91;1536.52
15/04/2019;4,58%;4,70%;1564.61;1536.11;1535.55
16/04/2019;4,59%;4,71%;1562.77;1534.32;1533.76
17/04/2019;4,56%;4,68%;1570.53;1541.93;1541.38
18/04/2019;4,53%;4,65%;1579.18;1550.42;1549.03
22/04/2019;4,52%;4,64%;1582.16;1553.36;1552.8
23/04/2019;4,51%;4,63%;1585.15;1556.29;1555.73
24/04/2019;4,46%;4,58%;1597.9;1568.81;1568.25
25/04/2019;4,51%;4,63%;1586.27;1557.41;1556.85
26/04/2019;4,47%;4,59%;1597.67;1568.6;1567.37
29/04/2019;4,43%;4,55%;1608.09;1578.83;1578.23
30/04/2019;4,43%;4,55%;1609.02;1579.75;1578.83
02/05/2019;4,45%;4,57%;1604.7;1575.52;1574.92
03/05/2019;4,42%;4,54%;1613.35;1.584,00;1582.77
06/05/2019;4,40%;4,52%;1618.9;1589.46;1588.86
07/05/2019;4,38%;4,50%;1624.47;1594.93;1594.32
08/05/2019;4,37%;4,49%;1627.56;1597.97;1597.37
09/05/2019;4,37%;4,49%;1628.17;1598.57;1597.97
10/05/2019;4,32%;4,44%;1641.34;1611.49;1610.3
13/05/2019;4,34%;4,46%;1636.91;1607.16;1606.57
14/05/2019;4,34%;4,46%;1637.49;1607.74;1607.16
15/05/2019;4,30%;4,42%;1647.97;1618.02;1617.59
16/05/2019;4,30%;4,42%;1648.4;1618.45;1618.02
17/05/2019;4,32%;4,44%;1644.1;1614.25;1613.51
20/05/2019;4,35%;4,47%;1637.01;1607.3;1606.87
21/05/2019;4,29%;4,41%;1652.51;1622.51;1622.08
22/05/2019;4,24%;4,36%;1665.62;1635.37;1634.94
23/05/2019;4,29%;4,41%;1653.38;1623.38;1622.94
24/05/2019;4,22%;4,34%;1671.89;1641.54;1640.8
27/05/2019;4,23%;4,35%;1669.42;1639.12;1638.72
28/05/2019;4,21%;4,33%;1674.93;1644.54;1644.13
29/05/2019;4,10%;4,22%;1703.72;1672.78;1672.38
30/05/2019;4,07%;4,19%;1711.95;1680.86;1680.46
31/05/2019;3,98%;4,10%;1736.35;1704.79;1704.12
03/06/2019;3,97%;4,09%;1739.41;1707.8;1707.4
04/06/2019;3,89%;4,01%;1761.23;1729.21;1728.8
05/06/2019;3,93%;4,05%;1750.89;1719.08;1718.67
06/06/2019;3,94%;4,06%;1748.62;1716.86;1716.45
07/06/2019;3,93%;4,05%;1750.35;1718.57;1718.08
10/06/2019;3,93%;4,05%;1750.69;1718.91;1718.57
11/06/2019;3,90%;4,02%;1759.08;1727.14;1726.8
12/06/2019;3,89%;4,01%;1762.11;1730.12;1729.78
13/06/2019;3,90%;4,02%;1759.76;1727.83;1727.48
14/06/2019;3,91%;4,03%;1757.42;1725.55;1725.19
17/06/2019;3,89%;4,01%;1763.07;1731.09;1730.82
18/06/2019;3,82%;3,94%;1782.29;1749.95;1749.67
19/06/2019;3,89%;4,01%;1763.63;1731.65;1731.37
21/06/2019;3,77%;3,89%;1796.51;1763.91;1763.63
24/06/2019;3,77%;3,89%;1796.78;1764.18;1763.91
25/06/2019;3,76%;3,88%;1799.79;1767.15;1766.88
26/06/2019;3,73%;3,85%;1808.03;1775.24;1774.99
27/06/2019;3,72%;3,84%;1811.04;1778.19;1777.95
28/06/2019;3,62%;3,74%;1839.11;1805.73;1805.52
01/07/2019;3,55%;3,67%;1859.12;1825.37;1825.12
02/07/2019;3,56%;3,68%;1856.53;1822.83;1822.58
03/07/2019;3,64%;3,76%;1834.23;1800.97;1800.72
04/07/2019;3,58%;3,70%;1851.34;1817.76;1817.52
05/07/2019;3,65%;3,77%;1831.88;1798.68;1798.47
08/07/2019;3,61%;3,73%;1843.57;1810.17;1809.68
09/07/2019;3,62%;3,74%;1840.76;1807.41;1807.17
10/07/2019;3,59%;3,71%;1850.08;1816.56;1816.3
11/07/2019;3,59%;3,71%;1850.35;1816.83;1816.56
12/07/2019;3,59%;3,71%;1850.62;1817.11;1816.83
15/07/2019;3,61%;3,73%;1845.39;1811.99;1811.59
16/07/2019;3,63%;3,75%;1840.18;1806.88;1806.48
17/07/2019;3,67%;3,79%;1829.4;1796.32;1795.92
18/07/2019;3,68%;3,80%;1827.02;1793.99;1793.59
19/07/2019;3,70%;3,82%;1822.14;1789.22;1788.55
22/07/2019;3,68%;3,80%;1828.08;1795.05;1794.66
23/07/2019;3,64%;3,76%;1839.63;1806.39;1.806,00
24/07/2019;3,60%;3,72%;1851.2;1817.74;1817.35
25/07/2019;3,57%;3,69%;1860.05;1826.44;1826.04
26/07/2019;3,62%;3,74%;1846.62;1813.27;1812.62
29/07/2019;3,58%;3,70%;1858.27;1824.71;1824.32
30/07/2019;3,58%;3,70%;1858.66;1825.1;1824.71
31/07/2019;3,60%;3,72%;1853.42;1819.96;1819.57
01/08/2019;3,58%;3,70%;1859.44;1825.88;1825.49
02/08/2019;3,65%;3,77%;1840.44;1807.26;1806.61
05/08/2019;3,69%;3,81%;1829.7;1796.73;1796.34
06/08/2019;3,63%;3,75%;1846.82;1813.53;1813.14
07/08/2019;3,59%;3,71%;1858.45;1824.95;1824.55
08/08/2019;3,54%;3,66%;1872.55;1838.78;1838.4
09/08/2019;3,54%;3,66%;1873.15;1839.38;1838.78
12/08/2019;3,61%;3,73%;1853.75;1820.36;1819.98
13/08/2019;3,54%;3,66%;1873.9;1840.13;1839.75
14/08/2019;3,56%;3,68%;1868.6;1834.94;1834.56
15/08/2019;3,55%;3,67%;1871.79;1838.08;1837.72
16/08/2019;3,53%;3,65%;1878.04;1844.22;1843.66
19/08/2019;3,52%;3,64%;1881.25;1847.38;1847.02
20/08/2019;3,56%;3,68%;1870.25;1836.6;1836.23
21/08/2019;3,51%;3,63%;1884.83;1850.9;1850.54
22/08/2019;3,55%;3,67%;1873.81;1840.1;1839.74
23/08/2019;3,57%;3,69%;1868.45;1834.86;1834.36
26/08/2019;3,58%;3,70%;1865.96;1832.43;1832.08
27/08/2019;3,63%;3,75%;1852.25;1818.98;1818.64
28/08/2019;3,71%;3,83%;1830.34;1797.51;1797.16
29/08/2019;3,73%;3,85%;1825.17;1792.44;1792.1
30/08/2019;3,71%;3,83%;1831.18;1798.35;1797.85
02/09/2019;3,68%;3,80%;1839.83;1806.84;1806.5
03/09/2019;3,69%;3,81%;1837.4;1804.46;1804.12
04/09/2019;3,64%;3,76%;1851.65;1818.45;1818.11
05/09/2019;3,61%;3,73%;1860.39;1827.03;1826.69
06/09/2019;3,64%;3,76%;1852.19;1818.99;1818.54
09/09/2019;3,62%;3,74%;1858.11;1824.81;1824.48
10/09/2019;3,66%;3,78%;1847.27;1814.19;1813.85
11/09/2019;3,66%;3,78%;1847.6;1814.52;1814.19
12/09/2019;3,61%;3,73%;1861.9;1828.55;1828.22
13/09/2019;3,64%;3,76%;1853.96;1820.77;1820.32
16/09/2019;3,65%;3,77%;1851.49;1818.37;1818.04
17/09/2019;3,65%;3,77%;1851.82;1818.69;1818.37
18/09/2019;3,56%;3,68%;1877.41;1843.81;1843.48
19/09/2019;3,50%;3,62%;1894.77;1860.85;1860.52
20/09/2019;3,52%;3,64%;1889.52;1855.71;1855.26
23/09/2019;3,49%;3,61%;1898.4;1864.42;1864.1
24/09/2019;3,46%;3,58%;1907.32;1873.18;1872.86
25/09/2019;3,52%;3,64%;1890.01;1856.21;1855.92
26/09/2019;3,44%;3,56%;1913.18;1878.95;1878.67
27/09/2019;3,42%;3,54%;1919.26;1884.92;1884.61
30/09/2019;3,43%;3,55%;1916.65;1882.37;1882.09
01/10/2019;3,45%;3,57%;1911.17;1.877,00;1876.72
02/10/2019;3,45%;3,57%;1911.44;1877.28;1.877,00
03/10/2019;3,40%;3,52%;1926.15;1891.71;1891.43
04/10/2019;3,38%;3,50%;1932.26;1897.72;1897.41
07/10/2019;3,40%;3,52%;1926.73;1892.31;1892.03
08/10/2019;3,39%;3,51%;1929.91;1895.43;1895.15
09/10/2019;3,43%;3,55%;1917.5;1883.27;1883.03
10/10/2019;3,41%;3,53%;1923.5;1889.16;1888.93
11/10/2019;3,34%;3,46%;1944.01;1909.29;1909.11
14/10/2019;3,30%;3,42%;1955.96;1921.02;1920.79
15/10/2019;3,29%;3,41%;1959.19;1924.2;1923.91
16/10/2019;3,30%;3,42%;1956.54;1921.61;1921.32
17/10/2019;3,26%;3,38%;1968.62;1933.47;1933.18
18/10/2019;3,20%;3,32%;1986.81;1951.33;1950.96
21/10/2019;3,18%;3,30%;1993.08;1957.48;1957.2
22/10/2019;3,16%;3,28%;1999.36;1963.66;1963.37
23/10/2019;3,16%;3,28%;1999.77;1964.06;1963.76
24/10/2019;3,16%;3,28%;2000.07;1964.37;1964.06
25/10/2019;3,12%;3,24%;2012.52;1976.59;1976.19
28/10/2019;3,13%;3,25%;2009.8;1973.93;1973.63
29/10/2019;3,09%;3,21%;2022.2;1986.11;1985.81
30/10/2019;3,06%;3,18%;2031.63;1995.37;1995.07
31/10/2019;2,99%;3,11%;2053.4;2016.73;2016.43
01/11/2019;2,94%;3,06%;2069.28;2032.33;2031.92
04/11/2019;2,89%;3,01%;2085.18;2047.93;2047.64
05/11/2019;2,92%;3,04%;2076.09;2039.03;2038.73
06/11/2019;2,94%;3,06%;2070.16;2033.21;2032.92
07/11/2019;2,96%;3,08%;2064.56;2027.73;2027.42
08/11/2019;3,08%;3,20%;2028.17;1992.05;1991.6
